indiv,sex,age_3way,age,occ,edu
acork,F,Older (66+),76,White-Collar,Up to minimum age
bhamilton,M,Older (66+),91,Blue-Collar,Up to minimum age
cbeale,M,Younger (under 35),30,Blue-Collar,Up to minimum age
cbeckett,M,Younger (under 35),29,White-Collar,More than minimum age
cgiles,M,Younger (under 35),20,White-Collar,More than minimum age
conniebeale,F,Middle (36-65),48,Blue-Collar,Up to minimum age
dburns,M,Middle (36-65),60,White-Collar,More than minimum age
ddavis,M,Younger (under 35),19,Blue-Collar,Up to minimum age
dwallis,M,Older (66+),72,Blue-Collar,Up to minimum age
eburritt,F,Older (66+),82,White-Collar,Up to minimum age
echapman,F,Middle (36-65),55,White-Collar,More than minimum age
ggreen,F,Middle (36-65),45,White-Collar,Up to minimum age
hbutton,M,Older (66+),68,Blue-Collar,Up to minimum age
hstainton,M,Middle (36-65),59,Blue-Collar,Up to minimum age
jtweddle,M,Older (66+),78,White-Collar,Up to minimum age
kyoung,F,Younger (under 35),30,White-Collar,Up to minimum age
lmcgrath,F,Younger (under 35),27,White-Collar,Up to minimum age
mjohnstone,M,Middle (36-65),53,White-Collar,More than minimum age
mlondry,F,Middle (36-65),62,Blue-Collar,Up to minimum age
mpeters,F,Older (66+),81,White-Collar,Up to minimum age
mtoovey,M,Middle (36-65),40,White-Collar,More than minimum age
nbond,F,Younger (under 35),34,White-Collar,More than minimum age
ocavell,M,Middle (36-65),40,White-Collar,More than minimum age
rbeale,M,Middle (36-65),52,Blue-Collar,Up to minimum age
rcotton,F,Younger (under 35),34,White-Collar,Up to minimum age
rjones,M,Middle (36-65),50,White-Collar,Up to minimum age
rmitchell,M,Younger (under 35),20,Blue-Collar,Up to minimum age
sboggin,F,Younger (under 35),23,Blue-Collar,More than minimum age
sevans,F,Older (66+),69,White-Collar,More than minimum age
swatkins,M,Middle (36-65),37,White-Collar,More than minimum age
vpriestly,M,Older (66+),84,Blue-Collar,Up to minimum age
wevans,M,Older (66+),72,White-Collar,Up to minimum age
